{
    "solver": "mass_spring",
    "objects": [
        [
            0.1,
            0.1
        ],
        [
            0.1,
            0.15000000000000002
        ],
        [
            0.15000000000000002,
            0.1
        ],
        [
            0.15000000000000002,
            0.15000000000000002
        ],
        [
            0.1,
            0.2
        ],
        [
            0.15000000000000002,
            0.2
        ],
        [
            0.2,
            0.15000000000000002
        ],
        [
            0.2,
            0.2
        ],
        [
            0.2,
            0.1
        ],
        [
            0.25,
            0.1
        ],
        [
            0.25,
            0.15000000000000002
        ],
        [
            0.25,
            0.2
        ],
        [
            0.2,
            0.25
        ],
        [
            0.25,
            0.25
        ],
        [
            0.2,
            0.30000000000000004
        ],
        [
            0.25,
            0.30000000000000004
        ]
    ],
    "springs": [
        [
            0,
            1,
            0.05000000000000002,
            30000.0,
            0.0
        ],
        [
            0,
            2,
            0.05000000000000002,
            30000.0,
            0.2
        ],
        [
            0,
            3,
            0.07071067811865478,
            30000.0,
            0.0
        ],
        [
            1,
            2,
            0.07071067811865478,
            30000.0,
            0.0
        ],
        [
            1,
            3,
            0.05000000000000002,
            30000.0,
            0.2
        ],
        [
            2,
            3,
            0.05000000000000002,
            30000.0,
            0.0
        ],
        [
            1,
            4,
            0.04999999999999999,
            30000.0,
            0.0
        ],
        [
            1,
            5,
            0.07071067811865477,
            30000.0,
            0.0
        ],
        [
            4,
            3,
            0.07071067811865477,
            30000.0,
            0.0
        ],
        [
            4,
            5,
            0.05000000000000002,
            30000.0,
            0.0
        ],
        [
            3,
            5,
            0.04999999999999999,
            30000.0,
            0.0
        ],
        [
            3,
            6,
            0.04999999999999999,
            30000.0,
            0.0
        ],
        [
            3,
            7,
            0.07071067811865474,
            30000.0,
            0.0
        ],
        [
            5,
            6,
            0.07071067811865474,
            30000.0,
            0.0
        ],
        [
            5,
            7,
            0.04999999999999999,
            30000.0,
            0.0
        ],
        [
            6,
            7,
            0.04999999999999999,
            30000.0,
            0.0
        ],
        [
            8,
            6,
            0.05000000000000002,
            30000.0,
            0.2
        ],
        [
            8,
            9,
            0.04999999999999999,
            30000.0,
            0.0
        ],
        [
            8,
            10,
            0.07071067811865477,
            30000.0,
            0.0
        ],
        [
            6,
            9,
            0.07071067811865477,
            30000.0,
            0.0
        ],
        [
            6,
            10,
            0.04999999999999999,
            30000.0,
            0.0
        ],
        [
            9,
            10,
            0.05000000000000002,
            30000.0,
            0.2
        ],
        [
            6,
            11,
            0.07071067811865474,
            30000.0,
            0.0
        ],
        [
            7,
            10,
            0.07071067811865474,
            30000.0,
            0.0
        ],
        [
            7,
            11,
            0.04999999999999999,
            30000.0,
            0.0
        ],
        [
            10,
            11,
            0.04999999999999999,
            30000.0,
            0.0
        ],
        [
            7,
            12,
            0.04999999999999999,
            30000.0,
            0.0
        ],
        [
            7,
            13,
            0.07071067811865474,
            30000.0,
            0.0
        ],
        [
            12,
            11,
            0.07071067811865474,
            30000.0,
            0.0
        ],
        [
            12,
            13,
            0.04999999999999999,
            30000.0,
            0.0
        ],
        [
            11,
            13,
            0.04999999999999999,
            30000.0,
            0.0
        ],
        [
            12,
            14,
            0.050000000000000044,
            30000.0,
            0.0
        ],
        [
            12,
            15,
            0.07071067811865477,
            30000.0,
            0.0
        ],
        [
            14,
            13,
            0.07071067811865477,
            30000.0,
            0.0
        ],
        [
            14,
            15,
            0.04999999999999999,
            30000.0,
            0.0
        ],
        [
            13,
            15,
            0.050000000000000044,
            30000.0,
            0.0
        ]
    ]
}