{
    "solver": "mass_spring",
    "objects": [
        [
            0.2,
            0.1
        ],
        [
            0.3,
            0.13
        ],
        [
            0.4,
            0.1
        ],
        [
            0.2,
            0.2
        ],
        [
            0.3,
            0.2
        ],
        [
            0.4,
            0.2
        ],
        [
            0.225,
            0.125
        ],
        [
            0.2,
            0.15000000000000002
        ],
        [
            0.25,
            0.15000000000000002
        ],
        [
            0.125,
            0.125
        ],
        [
            0.1,
            0.15000000000000002
        ],
        [
            0.15000000000000002,
            0.15000000000000002
        ],
        [
            0.1,
            0.2
        ],
        [
            0.15000000000000002,
            0.2
        ],
        [
            0.1,
            0.25
        ],
        [
            0.15000000000000002,
            0.25
        ],
        [
            0.2,
            0.2
        ],
        [
            0.2,
            0.25
        ],
        [
            0.25,
            0.2
        ],
        [
            0.25,
            0.25
        ],
        [
            0.2,
            0.1
        ],
        [
            0.25,
            0.1
        ],
        [
            0.1,
            0.1
        ],
        [
            0.15000000000000002,
            0.1
        ],
        [
            0.2,
            0.30000000000000004
        ],
        [
            0.25,
            0.30000000000000004
        ]
    ],
    "springs": [
        [
            0,
            1,
            0.10440306508910548,
            14000,
            0.1
        ],
        [
            1,
            2,
            0.10440306508910553,
            14000,
            0.1
        ],
        [
            3,
            4,
            0.09999999999999998,
            14000,
            0.1
        ],
        [
            4,
            5,
            0.10000000000000003,
            14000,
            0.1
        ],
        [
            0,
            3,
            0.1,
            14000,
            0.1
        ],
        [
            2,
            5,
            0.1,
            14000,
            0.1
        ],
        [
            0,
            4,
            0.1414213562373095,
            14000,
            0.1
        ],
        [
            1,
            4,
            0.07,
            14000,
            0.1
        ],
        [
            2,
            4,
            0.14142135623730953,
            14000,
            0.1
        ],
        [
            3,
            1,
            0.12206555615733701,
            14000,
            0.1
        ],
        [
            5,
            1,
            0.12206555615733705,
            14000,
            0.1
        ],
        [
            6,
            7,
            0.03535533905932738,
            30000.0,
            0
        ],
        [
            6,
            8,
            0.03535533905932738,
            30000.0,
            0
        ],
        [
            7,
            8,
            0.04999999999999999,
            30000.0,
            0
        ],
        [
            9,
            10,
            0.03535533905932738,
            30000.0,
            0
        ],
        [
            9,
            11,
            0.03535533905932741,
            30000.0,
            0
        ],
        [
            10,
            11,
            0.05000000000000002,
            30000.0,
            0
        ],
        [
            10,
            12,
            0.04999999999999999,
            30000.0,
            0.15
        ],
        [
            10,
            13,
            0.07071067811865477,
            30000.0,
            0
        ],
        [
            12,
            11,
            0.07071067811865477,
            30000.0,
            0
        ],
        [
            12,
            13,
            0.05000000000000002,
            30000.0,
            0
        ],
        [
            11,
            13,
            0.04999999999999999,
            30000.0,
            0.15
        ],
        [
            12,
            14,
            0.04999999999999999,
            30000.0,
            0.0
        ],
        [
            12,
            15,
            0.07071067811865477,
            30000.0,
            0
        ],
        [
            14,
            13,
            0.07071067811865477,
            30000.0,
            0
        ],
        [
            14,
            15,
            0.05000000000000002,
            30000.0,
            0
        ],
        [
            13,
            15,
            0.04999999999999999,
            30000.0,
            0.0
        ],
        [
            13,
            16,
            0.04999999999999999,
            30000.0,
            0
        ],
        [
            13,
            17,
            0.07071067811865474,
            30000.0,
            0
        ],
        [
            15,
            16,
            0.07071067811865474,
            30000.0,
            0
        ],
        [
            15,
            17,
            0.04999999999999999,
            30000.0,
            0
        ],
        [
            16,
            17,
            0.04999999999999999,
            30000.0,
            0.0
        ],
        [
            7,
            16,
            0.04999999999999999,
            30000.0,
            0.15
        ],
        [
            7,
            18,
            0.07071067811865474,
            30000.0,
            0
        ],
        [
            16,
            8,
            0.07071067811865474,
            30000.0,
            0
        ],
        [
            16,
            18,
            0.04999999999999999,
            30000.0,
            0
        ],
        [
            8,
            18,
            0.04999999999999999,
            30000.0,
            0.15
        ],
        [
            16,
            19,
            0.07071067811865474,
            30000.0,
            0
        ],
        [
            17,
            18,
            0.07071067811865474,
            30000.0,
            0
        ],
        [
            17,
            19,
            0.04999999999999999,
            30000.0,
            0
        ],
        [
            18,
            19,
            0.04999999999999999,
            30000.0,
            0.0
        ],
        [
            20,
            7,
            0.05000000000000002,
            30000.0,
            0.2
        ],
        [
            20,
            21,
            0.04999999999999999,
            30000.0,
            0
        ],
        [
            20,
            8,
            0.07071067811865477,
            30000.0,
            0
        ],
        [
            7,
            21,
            0.07071067811865477,
            30000.0,
            0
        ],
        [
            21,
            8,
            0.05000000000000002,
            30000.0,
            0.2
        ],
        [
            22,
            10,
            0.05000000000000002,
            30000.0,
            0.2
        ],
        [
            22,
            23,
            0.05000000000000002,
            30000.0,
            0
        ],
        [
            22,
            11,
            0.07071067811865478,
            30000.0,
            0
        ],
        [
            10,
            23,
            0.07071067811865478,
            30000.0,
            0
        ],
        [
            23,
            11,
            0.05000000000000002,
            30000.0,
            0.2
        ],
        [
            11,
            7,
            0.04999999999999999,
            30000.0,
            0
        ],
        [
            11,
            16,
            0.07071067811865474,
            30000.0,
            0
