{
    "solver": "mass_spring",
    "objects": [
        [
            0.2,
            0.1
        ],
        [
            0.3,
            0.13
        ],
        [
            0.4,
            0.1
        ],
        [
            0.2,
            0.2
        ],
        [
            0.3,
            0.2
        ],
        [
            0.4,
            0.2
        ]
    ],
    "springs": [
        [
            0,
            1,
            0.10440306508910548,
            14000,
            0.1
        ],
        [
            1,
            2,
            0.10440306508910553,
            14000,
            0.1
        ],
        [
            3,
            4,
            0.09999999999999998,
            14000,
            0.1
        ],
        [
            4,
            5,
            0.10000000000000003,
            14000,
            0.1
        ],
        [
            0,
            3,
            0.1,
            14000,
            0.1
        ],
        [
            2,
            5,
            0.1,
            14000,
            0.1
        ],
        [
            0,
            4,
            0.1414213562373095,
            14000,
            0.1
        ],
        [
            1,
            4,
            0.07,
            14000,
            0.1
        ],
        [
            2,
            4,
            0.14142135623730953,
            14000,
            0.1
        ],
        [
            3,
            1,
            0.12206555615733701,
            14000,
            0.1
        ],
        [
            5,
            1,
            0.12206555615733705,
            14000,
            0.1
        ]
    ]
}