{"nodes": {"0": [0.19210712611675262, -1.3721215724945068, -0.8556801080703735], "1": [0.2869858741760254, -0.7862444519996643, -0.06816991418600082], "2": [-0.19210712611675262, -1.3721215724945068, -0.8556801080703735], "3": [-0.2869858741760254, -0.7862444519996643, -0.06816991418600082], "4": [0.0, -0.8620207905769348, 0.39991405606269836], "5": [0.0, -1.1145764589309692, -1.5914233922958374], "6": [0.0, -1.8652088642120361, -0.4906468093395233], "7": [0.0, -0.11560885608196259, -0.09337175637483597], "8": [0.0, -1.7118788957595825, 0.41335055232048035], "9": [1.1383166313171387, -2.204763174057007, 1.2562074661254883], "10": [0.8360244035720825, -0.873026430606842, 0.004522886127233505], "11": [1.0480585098266602, -2.1373050212860107, -2.2595503330230713], "12": [0.831413984298706, -1.7950083017349243, 0.563223659992218], "13": [0.48361003398895264, -0.416922390460968, -0.6532082557678223], "14": [0.6215816736221313, -0.7443761825561523, -1.5450559854507446], "15": [0.4035049378871918, -1.3364052772521973, -1.8776321411132812], "16": [0.8443149328231812, -1.4238330125808716, -2.3753490447998047], "17": [1.1265629529953003, -1.3845911026000977, -1.8026022911071777], "18": [0.9911133646965027, -1.1837619543075562, -1.064936637878418], "19": [0.5162486433982849, -1.7585680484771729, -1.504350185394287], "20": [0.6480708122253418, -1.5154223442077637, -0.4104194939136505], "21": [0.6790685653686523, -0.9592770338058472, 0.6749454736709595], "22": [1.0777949094772339, -1.4202455282211304, 0.9957118034362793], "23": [0.5474963188171387, -1.6210284233093262, 0.9837759137153625], "24": [-1.1383166313171387, -2.204763174057007, 1.2562074661254883], "25": [-0.8360244035720825, -0.873026430606842, 0.004522886127233505], "26": [-1.0480585098266602, -2.1373050212860107, -2.2595503330230713], "27": [-0.831413984298706, -1.7950083017349243, 0.563223659992218], "28": [-0.48361003398895264, -0.416922390460968, -0.6532082557678223], "29": [-0.6215816736221313, -0.7443761825561523, -1.5450559854507446], "30": [-0.4035049378871918, -1.3364052772521973, -1.8776321411132812], "31": [-0.8443149328231812, -1.4238330125808716, -2.3753490447998047], "32": [-1.1265629529953003, -1.3845911026000977, -1.8026022911071777], "33": [-0.9911133646965027, -1.1837619543075562, -1.064936637878418], "34": [-0.5162486433982849, -1.7585680484771729, -1.504350185394287], "35": [-0.6480708122253418, -1.5154223442077637, -0.4104194939136505], "36": [-0.6790685653686523, -0.9592770338058472, 0.6749454736709595], "37": [-1.0777949094772339, -1.4202455282211304, 0.9957118034362793], "38": [-0.5474963188171387, -1.6210284233093262, 0.9837759137153625]}, "links": [[29, 30], [29, 33], [34, 33], [34, 30], [34, 29], [33, 30], [29, 2], [34, 2], [2, 33], [19, 18], [19, 20], [0, 20], [0, 18], [0, 19], [20, 18], [27, 37], [27, 38], [24, 38], [24, 37], [24, 27], [38, 37], [28, 29], [28, 33], [2, 28], [32, 26], [32, 34], [31, 34], [31, 26], [31, 32], [34, 26], [8, 35], [8, 3], [25, 3], [25, 35], [25, 8], [3, 35], [34, 5], [6, 5], [6, 2], [6, 34], [5, 2], [19, 5], [14, 5], [14, 0], [14, 19], [5, 0], [30, 32], [31, 30], [0, 2], [0, 6], [13, 10], [13, 20], [1, 20], [1, 10], [1, 13], [20, 10], [33, 32], [35, 33], [35, 34], [2, 35], [29, 32], [29, 31], [8, 27], [8, 36], [38, 36], [38, 8], [36, 27], [1, 7], [1, 3], [28, 3], [28, 7], [28, 1], [3, 7], [8, 6], [35, 6], [3, 6], [5, 13], [7, 0], [7, 13], [7, 5], [0, 13], [35, 28], [21, 22], [21, 12], [23, 12], [23, 22], [23, 21], [12, 22], [25, 28], [25, 7], [14, 18], [36, 37], [0, 1], [0, 3], [28, 0], [2, 3], [4, 21], [4, 8], [23, 8], [23, 4], [8, 21], [27, 25], [36, 25], [25, 37], [19, 15], [17, 15], [17, 18], [17, 19], [15, 18], [4, 1], [4, 3], [8, 1], [10, 21], [10, 22], [12, 10], [28, 5], [8, 10], [4, 10], [9, 23], [9, 12], [9, 22], [4, 7], [25, 4], [4, 36], [38, 4], [10, 7], [6, 20], [6, 19], [35, 27], [6, 1], [20, 8], [16, 15], [16, 14], [17, 14], [17, 16], [14, 15], [12, 8], [20, 12], [5, 15], [13, 14], [5, 29], [30, 5], [18, 13], [16, 19], [11, 17], [11, 19], [11, 16]]}